Code,Name,Market
0050,元大台灣50,TWSE
0056,元大高股息,TWSE
1101,台泥,TWSE
1102,亞泥,TWSE
1103,嘉泥,TWSE
1104,環泥,TWSE
1108,幸福,TWSE
1109,信大,TWSE
1110,東泥,TWSE
1201,味全,TWSE
1203,味王,TWSE
1210,大成,TWSE
1213,大飲,TWSE
1215,卜蜂,TWSE
1216,統一,TWSE
1217,愛之味,TWSE
1218,泰山,TWSE
1219,福壽,TWSE
1220,台榮,TWSE
1225,福懋油,TWSE
1227,佳格,TWSE
1229,聯華,TWSE
1231,聯華食,TWSE
1232,大統益,TWSE
1233,天仁,TWSE
1234,黑松,TWSE
1235,興泰,TWSE
1236,宏亞,TWSE
1256,鮮活果汁-KY,TWSE
1301,台塑,TWSE
1303,南亞,TWSE
1304,台聚,TWSE
1305,華夏,TWSE
1307,三芳,TWSE
1308,亞聚,TWSE
1309,台達化,TWSE
1310,台苯,TWSE
1312,國喬,TWSE
1313,聯成,TWSE
1314,中石化,TWSE
1315,達新,TWSE
1316,上曜,TWSE
1319,東陽,TWSE
1321,大洋,TWSE
1323,永裕,TWSE
1324,地球,TWSE
1325,恆大,TWSE
1326,台化,TWSE
1337,再生-KY,TWSE
1338,廣華-KY,TWSE
1339,昭輝,TWSE
1340,勝悅-KY,TWSE
1341,富林-KY,TWSE
1342,八貫,TWSE
1402,遠東新,TWSE
1409,新纖,TWSE
1410,南染,TWSE
1413,宏洲,TWSE
1414,東和,TWSE
1416,廣豐,TWSE
1417,嘉裕,TWSE
1418,東華,TWSE
1419,新紡,TWSE
1423,利華,TWSE
1432,大魯閣,TWSE
1434,福懋,TWSE
1435,中福,TWSE
1436,華友聯,TWSE
1437,勤益控,TWSE
1438,三地開發,TWSE
1439,雋揚,TWSE
1440,南紡,TWSE
1441,大東,TWSE
1442,名軒,TWSE
1443,立益物流,TWSE
1444,力麗,TWSE
1445,大宇,TWSE
1446,宏和,TWSE
1447,力鵬,TWSE
1449,佳和,TWSE
1451,年興,TWSE
1452,宏益,TWSE
1453,大將,TWSE
1454,台富,TWSE
1455,集盛,TWSE
1456,怡華,TWSE
1457,宜進,TWSE
1459,聯發,TWSE
1460,宏遠,TWSE
1463,強盛新,TWSE
1464,得力,TWSE
1465,偉全,TWSE
1466,聚隆,TWSE
1467,南緯,TWSE
1468,昶和,TWSE
1470,大統新創,TWSE
1471,首利,TWSE
1472,三洋實業,TWSE
1473,台南,TWSE
1474,弘裕,TWSE
1475,業旺,TWSE
1476,儒鴻,TWSE
1477,聚陽,TWSE
1503,士電,TWSE
1504,東元,TWSE
1506,正道,TWSE
1512,瑞利,TWSE
1513,中興電,TWSE
1514,亞力,TWSE
1515,力山,TWSE
1516,川飛,TWSE
1517,利奇,TWSE
1519,華城,TWSE
1521,大億,TWSE
1522,堤維西,TWSE
1524,耿鼎,TWSE
1525,江申,TWSE
1526,日馳,TWSE
1527,鑽全,TWSE
1528,恩德,TWSE
1529,樂事綠能,TWSE
1530,亞崴,TWSE
1531,高林股,TWSE
1532,勤美,TWSE
1533,車王電,TWSE
1535,中宇,TWSE
1536,和大,TWSE
1537,廣隆,TWSE
1538,正峰,TWSE
1539,巨庭,TWSE
1540,喬福,TWSE
1541,錩泰,TWSE
1558,伸興,TWSE
1560,中砂,TWSE
1563,巧新,TWSE
1568,倉佑,TWSE
1582,信錦,TWSE
1583,程泰,TWSE
1587,吉茂,TWSE
1589,永冠-KY,TWSE
1590,亞德客-KY,TWSE
1597,直得,TWSE
1598,岱宇,TWSE
1603,華電,TWSE
1604,聲寶,TWSE
1605,華新,TWSE
1608,華榮,TWSE
1609,大亞,TWSE
1611,中電,TWSE
1612,宏泰,TWSE
1614,三洋電,TWSE
1615,大山,TWSE
1616,億泰,TWSE
1617,榮星,TWSE
1618,合機,TWSE
1626,艾美特-KY,TWSE
1702,南僑,TWSE
1707,葡萄王,TWSE
1708,東鹼,TWSE
1709,和益,TWSE
1710,東聯,TWSE
1711,永光,TWSE
1712,興農,TWSE
1713,國化,TWSE
1714,和桐,TWSE
1717,長興,TWSE
1718,中纖,TWSE
1720,生達,TWSE
1721,三晃,TWSE
1722,台肥,TWSE
1723,中碳,TWSE
1725,元禎,TWSE
1726,永記,TWSE
1727,中華化,TWSE
1730,花仙子,TWSE
1731,美吾華,TWSE
1732,毛寶,TWSE
1733,五鼎,TWSE
1734,杏輝,TWSE
1735,日勝化,TWSE
1736,喬山,TWSE
1737,臺鹽,TWSE
1752,南光,TWSE
1760,寶齡富錦,TWSE
1762,中化生,TWSE
1773,勝一,TWSE
1776,展宇,TWSE
1783,和康生,TWSE
1786,科妍,TWSE
1789,神隆,TWSE
1795,美時,TWSE
1802,台玻,TWSE
1805,寶徠,TWSE
1806,冠軍,TWSE
1808,潤隆,TWSE
1809,中釉,TWSE
1810,和成,TWSE
1817,凱撒衛,TWSE
1903,士紙,TWSE
1904,正隆,TWSE
1905,華紙,TWSE
1906,寶隆,TWSE
1907,永豐餘,TWSE
1909,榮成,TWSE
2002,中鋼,TWSE
2006,東和鋼鐵,TWSE
2007,燁興,TWSE
2008,高興昌,TWSE
2009,第一銅,TWSE
2010,春源,TWSE
2012,春雨,TWSE
2013,中鋼構,TWSE
2014,中鴻,TWSE
2015,豐興,TWSE
2017,官田鋼,TWSE
2020,美亞,TWSE
2022,聚亨,TWSE
2023,燁輝,TWSE
2024,志聯,TWSE
2025,千興,TWSE
2027,大成鋼,TWSE
2028,威致,TWSE
2029,盛餘,TWSE
2030,彰源,TWSE
2031,新光鋼,TWSE
2032,新鋼,TWSE
2033,佳大,TWSE
2034,允強,TWSE
2038,海光,TWSE
2049,上銀,TWSE
2059,川湖,TWSE
2062,橋椿,TWSE
2069,運錩,TWSE
2101,南港,TWSE
2102,泰豐,TWSE
2103,台橡,TWSE
2104,國際中橡,TWSE
2105,正新,TWSE
2106,建大,TWSE
2107,厚生,TWSE
2108,南帝,TWSE
2109,華豐,TWSE
2114,鑫永銓,TWSE
2115,六暉-KY,TWSE
2201,裕隆,TWSE
2204,中華,TWSE
2206,三陽工業,TWSE
2207,和泰車,TWSE
2208,台船,TWSE
2211,長榮鋼,TWSE
2227,裕日車,TWSE
2228,劍麟,TWSE
2231,為升,TWSE
2233,宇隆,TWSE
2236,百達-KY,TWSE
2239,英利-KY,TWSE
2241,艾姆勒,TWSE
2243,宏旭-KY,TWSE
2247,汎德永業,TWSE
2248,華勝-KY,TWSE
2250,IKKA-KY,TWSE
2301,光寶科,TWSE
2302,麗正,TWSE
2303,聯電,TWSE
2305,全友,TWSE
2308,台達電,TWSE
2312,金寶,TWSE
2313,華通,TWSE
2314,台揚,TWSE
2316,楠梓電,TWSE
2317,鴻海,TWSE
2321,東訊,TWSE
2323,中環,TWSE
2324,仁寶,TWSE
2327,國巨*,TWSE
2328,廣宇,TWSE
2329,華泰,TWSE
2330,台積電,TWSE
2331,精英,TWSE
2332,友訊,TWSE
2337,旺宏,TWSE
2338,光罩,TWSE
2340,台亞,TWSE
2342,茂矽,TWSE
2344,華邦電,TWSE
2345,智邦,TWSE
2347,聯強,TWSE
2348,海悅,TWSE
2349,錸德,TWSE
2351,順德,TWSE
2352,佳世達,TWSE
2353,宏碁,TWSE
2354,鴻準,TWSE
2355,敬鵬,TWSE
2356,英業達,TWSE
2357,華碩,TWSE
2359,所羅門,TWSE
2360,致茂,TWSE
2362,藍天,TWSE
2363,矽統,TWSE
2364,倫飛,TWSE
2365,昆盈,TWSE
2367,燿華,TWSE
2368,金像電,TWSE
2369,菱生,TWSE
2371,大同,TWSE
2373,震旦行,TWSE
2374,佳能,TWSE
2375,凱美,TWSE
2376,技嘉,TWSE
2377,微星,TWSE
2379,瑞昱,TWSE
2380,虹光,TWSE
2382,廣達,TWSE
2383,台光電,TWSE
2385,群光,TWSE
2387,精元,TWSE
2388,威盛,TWSE
2390,云辰,TWSE
2392,正崴,TWSE
2393,億光,TWSE
2395,研華,TWSE
2397,友通,TWSE
2399,映泰,TWSE
2401,凌陽,TWSE
2402,毅嘉,TWSE
2404,漢唐,TWSE
2405,輔信,TWSE
2406,國碩,TWSE
2408,南亞科,TWSE
2409,友達,TWSE
2412,中華電,TWSE
2413,環科,TWSE
2414,精技,TWSE
2415,錩新,TWSE
2417,圓剛,TWSE
2419,仲琦,TWSE
2420,新巨,TWSE
2421,建準,TWSE
2423,固緯,TWSE
2424,隴華,TWSE
2425,承啟,TWSE
2426,鼎元,TWSE
2427,三商電,TWSE
2428,興勤,TWSE
2429,銘旺科,TWSE
2430,燦坤,TWSE
2431,聯昌,TWSE
2433,互盛電,TWSE
2434,統懋,TWSE
2436,偉詮電,TWSE
2438,翔耀,TWSE
2439,美律,TWSE
2440,太空梭,TWSE
2441,超豐,TWSE
2442,新美齊,TWSE
2444,兆勁,TWSE
2449,京元電子,TWSE
2450,神腦,TWSE
2451,創見,TWSE
2453,凌群,TWSE
2454,聯發科,TWSE
2455,全新,TWSE
2457,飛宏,TWSE
2458,義隆,TWSE
2459,敦吉,TWSE
2460,建通,TWSE
2461,光群雷,TWSE
2462,良得電,TWSE
2464,盟立,TWSE
2465,麗臺,TWSE
2466,冠西電,TWSE
2467,志聖,TWSE
2468,華經,TWSE
2471,資通,TWSE
2472,立隆電,TWSE
2474,可成,TWSE
2476,鉅祥,TWSE
2477,美隆電,TWSE
2478,大毅,TWSE
2480,敦陽科,TWSE
2481,強茂,TWSE
2482,連宇,TWSE
2483,百容,TWSE
2484,希華,TWSE
2485,兆赫,TWSE
2486,一詮,TWSE
2488,漢平,TWSE
2489,瑞軒,TWSE
2491,吉祥全,TWSE
2492,華新科,TWSE
2493,揚博,TWSE
2495,普安,TWSE
2496,卓越,TWSE
2497,怡利電,TWSE
2498,宏達電,TWSE
2501,國建,TWSE
2504,國產,TWSE
2505,國揚,TWSE
2506,太設,TWSE
2509,全坤建,TWSE
2511,太子,TWSE
2514,龍邦,TWSE
2515,中工,TWSE
2516,新建,TWSE
2520,冠德,TWSE
2524,京城,TWSE
2527,宏璟,TWSE
2528,皇普,TWSE
2530,華建,TWSE
2534,宏盛,TWSE
2535,達欣工,TWSE
2536,宏普,TWSE
2537,聯上發,TWSE
2538,基泰,TWSE
2539,櫻花建,TWSE
2540,愛山林,TWSE
2542,興富發,TWSE
2543,皇昌,TWSE
2545,皇翔,TWSE
2546,根基,TWSE
2547,日勝生,TWSE
2548,華固,TWSE
2597,潤弘,TWSE
2601,益航,TWSE
2603,長榮,TWSE
2605,新興,TWSE
2606,裕民,TWSE
2607,榮運,TWSE
2608,嘉里大榮,TWSE
2609,陽明,TWSE
2610,華航,TWSE
2611,志信,TWSE
2612,中航,TWSE
2613,中櫃,TWSE
2614,東森,TWSE
2615,萬海,TWSE
2616,山隆,TWSE
2617,台航,TWSE
2618,長榮航,TWSE
2630,亞航,TWSE
2633,台灣高鐵,TWSE
2634,漢翔,TWSE
2636,台驊控股,TWSE
2637,慧洋-KY,TWSE
2642,宅配通,TWSE
2645,長榮航太,TWSE
2646,星宇航空,TWSE
2701,萬企,TWSE
2702,華園,TWSE
2704,國賓,TWSE
2705,六福,TWSE
2706,第一店,TWSE
2707,晶華,TWSE
2712,遠雄來,TWSE
2722,夏都,TWSE
2723,美食-KY,TWSE
2727,王品,TWSE
2731,雄獅,TWSE
2739,寒舍,TWSE
2748,雲品,TWSE
2753,八方雲集,TWSE
2762,世界健身-KY,TWSE
2801,彰銀,TWSE
2809,京城銀,TWSE
2812,台中銀,TWSE
2816,旺旺保,TWSE
2820,華票,TWSE
2832,台產,TWSE
2834,臺企銀,TWSE
2836,高雄銀,TWSE
2838,聯邦銀,TWSE
2845,遠東銀,TWSE
2849,安泰銀,TWSE
2850,新產,TWSE
2851,中再保,TWSE
2852,第一保,TWSE
2855,統一證,TWSE
2867,三商壽,TWSE
2880,華南金,TWSE
2881,富邦金,TWSE
2882,國泰金,TWSE
2883,凱基金,TWSE
2884,玉山金,TWSE
2885,元大金,TWSE
2886,兆豐金,TWSE
2887,台新新光金,TWSE
2889,國票金,TWSE
2890,永豐金,TWSE
2891,中信金,TWSE
2892,第一金,TWSE
2897,王道銀行,TWSE
2901,欣欣,TWSE
2903,遠百,TWSE
2904,匯僑,TWSE
2905,三商,TWSE
2906,高林,TWSE
2908,特力,TWSE
2910,統領,TWSE
2911,麗嬰房,TWSE
2912,統一超,TWSE
2913,農林,TWSE
2915,潤泰全,TWSE
2923,鼎固-KY,TWSE
2929,淘帝-KY,TWSE
2939,永邑-KY,TWSE
2945,三商家購,TWSE
3002,歐格,TWSE
3003,健和興,TWSE
3004,豐達科,TWSE
3005,神基,TWSE
3006,晶豪科,TWSE
3008,大立光,TWSE
3010,華立,TWSE
3011,今皓,TWSE
3013,晟銘電,TWSE
3014,聯陽,TWSE
3015,全漢,TWSE
3016,嘉晶,TWSE
3017,奇鋐,TWSE
3018,隆銘綠能,TWSE
3019,亞光,TWSE
3021,鴻名,TWSE
3022,威強電,TWSE
3023,信邦,TWSE
3024,憶聲,TWSE
3025,星通,TWSE
3026,禾伸堂,TWSE
3027,盛達,TWSE
3028,增你強,TWSE
3029,零壹,TWSE
3030,德律,TWSE
3031,佰鴻,TWSE
3032,偉訓,TWSE
3033,威健,TWSE
3034,聯詠,TWSE
3035,智原,TWSE
3036,文曄,TWSE
3037,欣興,TWSE
3038,全台,TWSE
3040,遠見,TWSE
3041,揚智,TWSE
3042,晶技,TWSE
3043,科風,TWSE
3044,健鼎,TWSE
3045,台灣大,TWSE
3046,建碁,TWSE
3047,訊舟,TWSE
3048,益登,TWSE
3049,精金,TWSE
3050,鈺德,TWSE
3051,力特,TWSE
3052,夆典,TWSE
3054,立萬利,TWSE
3055,蔚華科,TWSE
3056,富華新,TWSE
3057,喬鼎,TWSE
3058,立德,TWSE
3059,華晶科,TWSE
3060,銘異,TWSE
3062,建漢,TWSE
3090,日電貿,TWSE
3092,鴻碩,TWSE
3094,聯傑,TWSE
3130,一零四,TWSE
3135,凌航,TWSE
3138,耀登,TWSE
3149,正達,TWSE
3164,景岳,TWSE
3167,大量,TWSE
3168,眾福科,TWSE
3189,景碩,TWSE
3209,全科,TWSE
3229,晟鈦,TWSE
3231,緯創,TWSE
3257,虹冠電,TWSE
3266,昇陽,TWSE
3296,勝德,TWSE
3305,昇貿,TWSE
3308,聯德,TWSE
3311,閎暉,TWSE
3312,弘憶股,TWSE
3321,同泰,TWSE
3338,泰碩,TWSE
3346,麗清,TWSE
3356,奇偶,TWSE
3376,新日興,TWSE
3380,明泰,TWSE
3406,玉晶光,TWSE
3413,京鼎,TWSE
3416,融程電,TWSE
3419,譁裕,TWSE
3432,台端,TWSE
3437,榮創,TWSE
3443,創意,TWSE
3447,展達,TWSE
3450,聯鈞,TWSE
3454,晶睿,TWSE
3481,群創,TWSE
3494,誠研,TWSE
3501,維熹,TWSE
3504,揚明光,TWSE
3515,華擎,TWSE
3518,柏騰,TWSE
3528,安馳,TWSE
3530,晶相光,TWSE
3532,台勝科,TWSE
3533,嘉澤,TWSE
3535,晶彩科,TWSE
3543,州巧,TWSE
3545,敦泰,TWSE
3550,聯穎,TWSE
3557,嘉威,TWSE
3563,牧德,TWSE
3576,聯合再生,TWSE
3583,辛耘,TWSE
3588,通嘉,TWSE
3591,艾笛森,TWSE
3592,瑞鼎,TWSE
3593,力銘,TWSE
3596,智易,TWSE
3605,宏致,TWSE
3607,谷崧,TWSE
3617,碩天,TWSE
3622,洋華,TWSE
3645,達邁,TWSE
3652,精聯,TWSE
3653,健策,TWSE
3661,世芯-KY,TWSE
3665,貿聯-KY,TWSE
3669,圓展,TWSE
3673,TPK-KY,TWSE
3679,新至陞,TWSE
3686,達能,TWSE
3694,海華,TWSE
3701,大眾控,TWSE
3702,大聯大,TWSE
3703,欣陸,TWSE
3704,合勤控,TWSE
3705,永信,TWSE
3706,神達,TWSE
3708,上緯投控,TWSE
3711,日月光投控,TWSE
3712,永崴投控,TWSE
3714,富采,TWSE
3715,定穎投控,TWSE
3716,中化控股,TWSE
3717,聯嘉投控,TWSE
4104,佳醫,TWSE
4106,雃博,TWSE
4108,懷特,TWSE
4119,旭富,TWSE
4133,亞諾法,TWSE
4137,麗豐-KY,TWSE
4142,國光生,TWSE
4148,全宇生技-KY,TWSE
4155,訊映,TWSE
4164,承業醫,TWSE
4190,佐登-KY,TWSE
4306,炎洲,TWSE
4414,如興,TWSE
4426,利勤,TWSE
4438,廣越,TWSE
4439,冠星-KY,TWSE
4440,宜新實業,TWSE
4526,東台,TWSE
4532,瑞智,TWSE
4536,拓凱,TWSE
4540,全球傳動,TWSE
4545,銘鈺,TWSE
4551,智伸科,TWSE
4552,力達-KY,TWSE
4555,氣立,TWSE
4557,永新-KY,TWSE
4560,強信-KY,TWSE
4562,穎漢,TWSE
4564,元翎,TWSE
4566,時碩工業,TWSE
4569,六方科-KY,TWSE
4571,鈞興-KY,TWSE
4572,駐龍,TWSE
4576,大銀微系統,TWSE
4581,光隆精密-KY,TWSE
4583,台灣精銳,TWSE
4588,玖鼎電力,TWSE
4720,德淵,TWSE
4722,國精化,TWSE
4736,泰博,TWSE
4737,華廣,TWSE
4739,康普,TWSE
4746,台耀,TWSE
4755,三福化,TWSE
4763,材料*-KY,TWSE
4764,雙鍵,TWSE
4766,南寶,TWSE
4770,上品,TWSE
4771,望隼,TWSE
4807,日成-KY,TWSE
4904,遠傳,TWSE
4906,正文,TWSE
4912,聯德控股-KY,TWSE
4915,致伸,TWSE
4916,事欣科,TWSE
4919,新唐,TWSE
4927,泰鼎-KY,TWSE
4930,燦星網,TWSE
4934,太極,TWSE
4935,茂林-KY,TWSE
4938,和碩,TWSE
4942,嘉彰,TWSE
4943,康控-KY,TWSE
4949,有成精密,TWSE
4952,凌通,TWSE
4956,光鋐,TWSE
4958,臻鼎-KY,TWSE
4960,誠美材,TWSE
4961,天鈺,TWSE
4967,十銓,TWSE
4968,立積,TWSE
4976,佳凌,TWSE
4977,眾達-KY,TWSE
4989,榮科,TWSE
4994,傳奇,TWSE
4999,鑫禾,TWSE
5007,三星,TWSE
5203,訊連,TWSE
5215,科嘉-KY,TWSE
5222,全訊,TWSE
5225,東科-KY,TWSE
5234,達興材料,TWSE
5243,乙盛-KY,TWSE
5244,弘凱,TWSE
5258,虹堡,TWSE
5269,祥碩,TWSE
5283,禾聯碩,TWSE
5284,jpp-KY,TWSE
5285,界霖,TWSE
5288,豐祥-KY,TWSE
5292,華懋,TWSE
5306,桂盟,TWSE
5388,中磊,TWSE
5434,崇越,TWSE
5469,瀚宇博,TWSE
5471,松翰,TWSE
5484,慧友,TWSE
5515,建國,TWSE
5519,隆大,TWSE
5521,工信,TWSE
5522,遠雄,TWSE
5525,順天,TWSE
5531,鄉林,TWSE
5533,皇鼎,TWSE
5534,長虹,TWSE
5538,東明-KY,TWSE
5546,永固-KY,TWSE
5607,遠雄港,TWSE
5608,四維航,TWSE
5706,鳳凰,TWSE
5871,中租-KY,TWSE
5876,上海商銀,TWSE
5880,合庫金,TWSE
5906,台南-KY,TWSE
5907,大洋-KY,TWSE
6005,群益證,TWSE
6024,群益期,TWSE
6108,競國,TWSE
6112,邁達特,TWSE
6115,鎰勝,TWSE
6116,彩晶,TWSE
6117,迎廣,TWSE
6120,達運,TWSE
6128,上福,TWSE
6133,金橋,TWSE
6136,富爾特,TWSE
6139,亞翔,TWSE
6141,柏承,TWSE
6142,友勁,TWSE
6152,百一,TWSE
6153,嘉聯益,TWSE
6155,鈞寶,TWSE
6164,華興,TWSE
6165,浪凡,TWSE
6166,凌華,TWSE
6168,宏齊,TWSE
6176,瑞儀,TWSE
6177,達麗,TWSE
6183,關貿,TWSE
6184,大豐電,TWSE
6189,豐藝,TWSE
6191,精成科,TWSE
6192,巨路,TWSE
6196,帆宣,TWSE
6197,佳必琪,TWSE
6201,亞弘電,TWSE
6202,盛群,TWSE
6205,詮欣,TWSE
6206,飛捷,TWSE
6209,今國光,TWSE
6213,聯茂,TWSE
6214,精誠,TWSE
6215,和椿,TWSE
6216,居易,TWSE
6224,聚鼎,TWSE
6225,天瀚,TWSE
6226,光鼎,TWSE
6230,尼得科超眾,TWSE
6235,華孚,TWSE
6239,力成,TWSE
6243,迅杰,TWSE
6257,矽格,TWSE
6269,台郡,TWSE
6271,同欣電,TWSE
6277,宏正,TWSE
6278,台表科,TWSE
6281,全國電,TWSE
6282,康舒,TWSE
6283,淳安,TWSE
6285,啟碁,TWSE
6405,悅城,TWSE
6409,旭隼,TWSE
6412,群電,TWSE
6414,樺漢,TWSE
6415,矽力*-KY,TWSE
6416,瑞祺電通,TWSE
6426,統新,TWSE
6431,光麗-KY,TWSE
6438,迅得,TWSE
6442,光聖,TWSE
6443,元晶,TWSE
6446,藥華藥,TWSE
6449,鈺邦,TWSE
6451,訊芯-KY,TWSE
6456,GIS-KY,TWSE
6464,台數科,TWSE
6472,保瑞,TWSE
6477,安集,TWSE
6491,晶碩,TWSE
6504,南六,TWSE
6505,台塑化,TWSE
6515,穎崴,TWSE
6525,捷敏-KY,TWSE
6526,達發,TWSE
6531,愛普*,TWSE
6533,晶心科,TWSE
6541,泰福-KY,TWSE
6550,北極星藥業-KY,TWSE
6552,易華電,TWSE
6558,興能高,TWSE
6573,虹揚-KY,TWSE
6579,研揚,TWSE
6581,鋼聯,TWSE
6582,申豐,TWSE
6585,鼎基,TWSE
6589,台康生技,TWSE
6591,動力-KY,TWSE
6592,和潤企業,TWSE
6598,ABC-KY,TWSE
6605,帝寶,TWSE
6606,建德工業,TWSE
6625,必應,TWSE
6641,基士德-KY,TWSE
6655,科定,TWSE
6657,華安,TWSE
6658,聯策,TWSE
6666,羅麗芬-KY,TWSE
6668,中揚光,TWSE
6669,緯穎,TWSE
6670,復盛應用,TWSE
6671,三能-KY,TWSE
6672,騰輝電子-KY,TWSE
6674,鋐寶科技,TWSE
6689,伊雲谷,TWSE
6691,洋基工程,TWSE
6695,芯鼎,TWSE
6698,旭暉應材,TWSE
6706,惠特,TWSE
6715,嘉基,TWSE
6719,力智,TWSE
6742,澤米,TWSE
6743,安普新,TWSE
6753,龍德造船,TWSE
6754,匯僑設計,TWSE
6756,威鋒電子,TWSE
6757,台灣虎航,TWSE
6768,志強-KY,TWSE
6770,力積電,TWSE
6776,展碁國際,TWSE
6781,AES-KY,TWSE
6782,視陽,TWSE
6789,采鈺,TWSE
6790,永豐實,TWSE
6792,詠業,TWSE
6796,晉弘,TWSE
6799,來頡,TWSE
6805,富世達,TWSE
6806,森崴能源,TWSE
6807,峰源-KY,TWSE
6830,汎銓,TWSE
6834,天二科技,TWSE
6835,圓裕,TWSE
6838,台新藥,TWSE
6861,睿生光電,TWSE
6862,三集瑞-KY,TWSE
6863,永道-KY,TWSE
6869,雲豹能源,TWSE
6873,泓德能源,TWSE
6885,全福生技,TWSE
6887,寶綠特-KY,TWSE
6890,來億-KY,TWSE
6901,鑽石投資,TWSE
6902,GOGOLOOK,TWSE
6906,現觀科,TWSE
6909,創控,TWSE
6914,阜爾運通,TWSE
6916,華凌,TWSE
6918,愛派司,TWSE
6919,康霈*,TWSE
6923,中台,TWSE
6928,攸泰科技,TWSE
6931,青松健康,TWSE
6933,AMAX-KY,TWSE
6936,永鴻生技,TWSE
6937,天虹,TWSE
6944,兆聯實業,TWSE
6952,大武山,TWSE
6957,裕慶-KY,TWSE
6958,日盛台駿,TWSE
6962,奕力-KY,TWSE
6965,中傑-KY,TWSE
6994,富威電力,TWSE
7705,三商餐飲,TWSE
7721,微程式,TWSE
7722,LINEPAY,TWSE
7732,金興精密,TWSE
7736,虎山,TWSE
7749,意騰-KY,TWSE
8011,台通,TWSE
8016,矽創,TWSE
8021,尖點,TWSE
8028,昇陽半導體,TWSE
8033,雷虎,TWSE
8039,台虹,TWSE
8045,達運光電,TWSE
8046,南電,TWSE
8070,長華*,TWSE
8072,陞泰,TWSE
8081,致新,TWSE
8101,華冠,TWSE
8103,瀚荃,TWSE
8104,錸寶,TWSE
8105,凌巨,TWSE
8110,華東,TWSE
8112,至上,TWSE
8114,振樺電,TWSE
8131,福懋科,TWSE
8150,南茂,TWSE
8163,達方,TWSE
8201,無敵,TWSE
8210,勤誠,TWSE
8213,志超,TWSE
8215,明基材,TWSE
8222,寶一,TWSE
8249,菱光,TWSE
8261,富鼎,TWSE
8271,宇瞻,TWSE
8341,日友,TWSE
8367,建新國際,TWSE
8374,羅昇,TWSE
8404,百和興業-KY,TWSE
8411,福貞-KY,TWSE
8422,可寧衛,TWSE
8429,金麗-KY,TWSE
8438,昶昕,TWSE
8442,威宏-KY,TWSE
8443,阿瘦,TWSE
8454,富邦媒,TWSE
8462,柏文,TWSE
8463,潤泰材,TWSE
8464,億豐,TWSE
8466,美吉吉-KY,TWSE
8467,波力-KY,TWSE
8473,山林水,TWSE
8476,台境*,TWSE
8478,東哥遊艇,TWSE
8481,政伸,TWSE
8482,商億-KY,TWSE
8488,吉源-KY,TWSE
8499,鼎炫-KY,TWSE
8926,台汽電,TWSE
8940,新天地,TWSE
8996,高力,TWSE
9802,鈺齊-KY,TWSE
9902,台火,TWSE
9904,寶成,TWSE
9905,大華,TWSE
9906,欣巴巴,TWSE
9907,統一實,TWSE
9908,大台北,TWSE
9910,豐泰,TWSE
9911,櫻花,TWSE
9912,偉聯,TWSE
9914,美利達,TWSE
9917,中保科,TWSE
9918,欣天然,TWSE
9919,康那香,TWSE
9921,巨大,TWSE
9924,福興,TWSE
9925,新保,TWSE
9926,新海,TWSE
9927,泰銘,TWSE
9928,中視,TWSE
9929,秋雨,TWSE
9930,中聯資源,TWSE
9931,欣高,TWSE
9933,中鼎,TWSE
9934,成霖,TWSE
9935,慶豐富,TWSE
9937,全國,TWSE
9938,百和,TWSE
9939,宏全,TWSE
9940,信義,TWSE
9941,裕融,TWSE
9942,茂順,TWSE
9943,好樂迪,TWSE
9944,新麗,TWSE
9945,潤泰新,TWSE
9946,三發地產,TWSE
9955,佳龍,TWSE
9958,世紀鋼,TWSE
6201,元大富櫃50,TWO
00679B,元大美債20年,TWO
00687B,國泰20年美債,TWO
00687C,國泰20年美債+櫃U,TWO
00694B,富邦美債1-3年,TWO
00695B,富邦美債7-10年,TWO
00696B,富邦美債20年,TWO
00697B,元大美債7-10,TWO
00719B,元大美債1-3,TWO
00720B,元大投資級公司債,TWO
00722B,群益投資級電信債,TWO
00723B,群益投資級科技債,TWO
00724B,群益投資級金融債,TWO
00725B,國泰投資級公司債,TWO
00726B,國泰新興投等債,TWO
00727B,國泰優選非投等債,TWO
00734B,台新JPM新興債,TWO
00740B,富邦全球投等債,TWO
00741B,富邦全球非投等債,TWO
00746B,富邦A級公司債,TWO
00749B,凱基新興債10+,TWO
00750B,凱基科技債10+,TWO
00751B,元大AAA至A公司債,TWO
00754B,群益AAA-AA公司債,TWO
00755B,群益投資級公用債,TWO
00756B,群益投等新興公債,TWO
00758B,復華能源債,TWO
00759B,復華製藥債,TWO
00760B,復華新興企業債,TWO
00761B,國泰A級公司債,TWO
00764B,群益25年美債,TWO
00768B,復華20年美債,TWO
00772B,中信高評級公司債,TWO
00773B,中信優先金融債,TWO
00777B,凱基AAA至A公司債,TWO
00778B,凱基金融債20+,TWO
00779B,凱基美債25+,TWO
00780B,國泰A級金融債,TWO
00781B,國泰A級科技債,TWO
00782B,國泰A級公用債,TWO
00785B,富邦金融投等債,TWO
00786B,元大10年IG銀行債,TWO
00787B,元大10年IG醫療債,TWO
00788B,元大10年IG電能債,TWO
00789B,復華公司債A3,TWO
00791B,復華信用債1-5,TWO
00792B,群益A級公司債,TWO
00793B,群益AAA-A醫療債,TWO
00795B,中信美國公債20年,TWO
00799B,國泰A級醫療債,TWO
00834B,第一金金融債10+,TWO
00836B,永豐10年A公司債,TWO
00838B,永豐7-10年中國債,TWO
00840B,凱基IG精選15+,TWO
00841B,凱基AAA-AA公司債,TWO
00842B,台新美元銀行債,TWO
00844B,新光15年IG金融債,TWO
00845B,富邦新興投等債,TWO
00846B,富邦歐洲銀行債,TWO
00847B,中信美國市政債,TWO
00848B,中信新興亞洲債,TWO
00849B,中信EM主權債0-5,TWO
00853B,統一美債10年Aa-A,TWO
00856B,永豐1-3年美公債,TWO
00857B,永豐20年美公債,TWO
858,永豐美國500大,TWO
00859B,群益0-1年美債,TWO
00860B,群益1-5Y投資級債,TWO
00862B,中信投資級公司債,TWO
00863B,中信全球電信債,TWO
00864B,中信美國公債0-1,TWO
00867B,新光A-BBB電信債,TWO
00870B,元大15年EM主權債,TWO
877,復華中國5G,TWO
00883B,中信ESG投資級債,TWO
00884B,中信低碳新興債,TWO
886,永豐美國科技,TWO
887,永豐中國科技50大,TWO
888,永豐台灣ESG,TWO
00890B,凱基ESG,TWO
928,中信上櫃ESG,TWO
00931B,統一美債20年,TWO
00933B,國泰10Y+金融債,TWO
00937B,群益ESG投等債20+,TWO
00942B,台新美A公司債20+,TWO
00948B,中信優息投資級債,TWO
00950B,凱基A級公司債,TWO
955,中信日本商社,TWO
00957B,兆豐US優選投等債,TWO
00958B,永豐ESG銀行債15+,TWO
00959B,大華投等美債15Y+,TWO
00966B,統一ESG投等債15+,TWO
00967B,元大優息美債,TWO
00968B,元大優息投等債,TWO
00969B,元大零息超長美債,TWO
00970B,新光BBB投等債20+,TWO
9806,台新標普500,TWO
9807,台新標普科技精選,TWO
00980B,台新特選IG債10+,TWO
00980D,主動聯博投等入息,TWO
00980T,平衡凱基美國TOP,TWO
00981B,第一金優選非投債,TWO
00982B,FT投資級債20+,TWO
00983B,大華優利美公債20,TWO
00984B,大華優利美A債15,TWO
20001,富邦存股雙十N,TWO
02001B,統一美國政府債N,TWO
20023,元大櫃買半導體N,TWO
20025,統一亞洲半導體N,TWO
20027,元大上櫃ESG成長N,TWO
20033,統一恆生科期N,TWO
20035,元大上櫃ESG高息N,TWO
20040,元大上櫃ESG龍頭N,TWO
20041,兆豐半導體氣候N,TWO
1240,茂生農經,TWO
1259,安心,TWO
1264,德麥,TWO
1268,漢來美食,TWO
1294,漢田生技,TWO
1295,生合,TWO
1336,台翰,TWO
1565,精華,TWO
1569,濱川,TWO
1570,力肯,TWO
1580,新麥,TWO
1584,精剛,TWO
1586,和勤,TWO
1591,駿吉-KY,TWO
1593,祺驊,TWO
1595,川寶,TWO
1599,宏佳騰,TWO
1742,台蠟,TWO
1777,生泰,TWO
1781,合世,TWO
1784,訊聯,TWO
1785,光洋科,TWO
1788,杏昌,TWO
1796,金穎生技,TWO
1799,易威,TWO
1813,寶利徠,TWO
1815,富喬,TWO
2035,唐榮,TWO
2061,風青,TWO
2063,世鎧,TWO
2064,晉椿,TWO
2065,世豐,TWO
2066,世德,TWO
2067,嘉鋼,TWO
2070,精湛,TWO
2073,雄順,TWO
2221,大甲,TWO
2230,泰茂,TWO
2235,謚源,TWO
2596,綠意,TWO
2640,大車隊,TWO
2641,正德,TWO
2643,捷迅,TWO
2718,全心投控,TWO
2719,燦星旅,TWO
2724,藝舍-KY,TWO
2726,雅茗-KY,TWO
2729,瓦城,TWO
2732,六角,TWO
2734,易飛網,TWO
2736,富野,TWO
2740,天蔥,TWO
2743,山富,TWO
2745,五福,TWO
2751,王座,TWO
2752,豆府,TWO
2754,亞洲藏壽司,TWO
2755,揚秦,TWO
2756,聯發國際,TWO
2916,滿心,TWO
2924,宏太-KY,TWO
2926,誠品生活,TWO
2937,集雅社,TWO
2941,米斯特,TWO
2947,振宇五金,TWO
2948,寶陞,TWO
2949,欣新網,TWO
3064,泰偉,TWO
3066,李洲,TWO
3067,全域,TWO
3071,協禧,TWO
3073,天方能源,TWO
3078,僑威,TWO
3081,聯亞,TWO
3083,網龍,TWO
3085,新零售,TWO
3086,華義,TWO
3088,艾訊,TWO
3093,港建*,TWO
3095,及成,TWO
3105,穩懋,TWO
3114,好德,TWO
3115,富榮綱,TWO
3118,進階,TWO
3122,笙泉,TWO
3128,昇銳,TWO
3131,弘塑,TWO
3141,晶宏,TWO
3147,大綜,TWO
3152,璟德,TWO
3162,精確,TWO
3163,波若威,TWO
3169,亞信,TWO
3171,炎洲流通,TWO
3176,基亞,TWO
3178,公準,TWO
3188,鑫龍騰,TWO
3191,雲嘉南,TWO
3205,佰研,TWO
3206,志豐,TWO
3207,耀勝,TWO
3211,順達,TWO
3213,茂訊,TWO
3217,優群,TWO
3218,大學光,TWO
3219,倚強科,TWO
3221,台嘉碩,TWO
3224,三顧,TWO
3226,龍鋒,TWO
3227,原相,TWO
3228,金麗科,TWO
3230,錦明,TWO
3232,昱捷,TWO
3234,光環,TWO
3236,千如,TWO
3252,海灣,TWO
3259,鑫創,TWO
3260,威剛,TWO
3264,欣銓,TWO
3265,台星科,TWO
3268,海德威,TWO
3272,東碩,TWO
3276,宇環,TWO
3284,太普高,TWO
3285,微端,TWO
3287,廣寰科,TWO
3288,點晶,TWO
3289,宜特,TWO
3290,東浦,TWO
3293,鈊象,TWO
3294,英濟,TWO
3297,杭特,TWO
3303,岱稜,TWO
3306,鼎天,TWO
3310,佳穎,TWO
3313,斐成,TWO
3317,尼克森,TWO
3322,建舜電,TWO
3323,加百裕,TWO
3324,雙鴻,TWO
3325,旭品,TWO
3332,幸康,TWO
3339,泰谷,TWO
3349,寶德,TWO
3354,律勝,TWO
3357,臺慶科,TWO
3360,尚立,TWO
3362,先進光,TWO
3363,上詮,TWO
3372,典範,TWO
3373,熱映,TWO
3374,精材,TWO
3379,彬台,TWO
3388,崇越電,TWO
3390,旭軟,TWO
3402,漢科,TWO
3426,台興,TWO
3430,奇鈦科,TWO
3434,哲固,TWO
3438,類比科,TWO
3441,聯一光,TWO
3444,利機,TWO
3455,由田,TWO
3465,進泰電子,TWO
3466,德晉,TWO
3467,台灣精材,TWO
3479,安勤,TWO
3483,力致,TWO
3484,崧騰,TWO
3489,森寶,TWO
3490,單井,TWO
3491,昇達科,TWO
3492,長盛,TWO
3498,陽程,TWO
3499,環天科,TWO
3508,位速,TWO
3511,矽瑪,TWO
3512,皇龍,TWO
3516,亞帝歐,TWO
3520,華盈,TWO
3521,鴻翊,TWO
3522,御嵿,TWO
3523,迎輝,TWO
3526,凡甲,TWO
3527,聚積,TWO
3529,力旺,TWO
3531,先益,TWO
3537,堡達,TWO
3540,曜越,TWO
3541,西柏,TWO
3546,宇峻,TWO
3548,兆利,TWO
3551,世禾,TWO
3552,同致,TWO
3555,博士旺,TWO
3556,禾瑞亞,TWO
3558,神準,TWO
3564,其陽,TWO
3567,逸昌,TWO
3570,大塚,TWO
3577,泓格,TWO
3580,友威科,TWO
3581,博磊,TWO
3587,閎康,TWO
3594,磐儀,TWO
3597,映興,TWO
3609,三一東林,TWO
3611,鼎翰,TWO
3615,安可,TWO
3623,富晶通,TWO
3624,光頡,TWO
3625,西勝,TWO
3628,盈正,TWO
3629,地心引力,TWO
3630,新鉅科,TWO
3631,晟楠,TWO
3632,研勤,TWO
3646,艾恩特,TWO
3663,鑫科,TWO
3664,安瑞-KY,TWO
3666,光耀,TWO
3672,康聯訊,TWO
3675,德微,TWO
3680,家登,TWO
3684,榮昌,TWO
3685,元創精密,TWO
3687,歐買尬,TWO
3689,湧德,TWO
3691,碩禾,TWO
3693,營邦,TWO
3707,漢磊,TWO
3709,鑫聯大投控,TWO
3710,連展投控,TWO
3713,新晶投控,TWO
4102,永日,TWO
4105,東洋,TWO
4107,邦特,TWO
4109,加捷生醫,TWO
4111,濟生,TWO
4113,聯上,TWO
4114,健喬,TWO
4116,明基醫,TWO
4120,友華,TWO
4121,優盛,TWO
4123,晟德,TWO
4126,太醫,TWO
4127,天良,TWO
4128,中天,TWO
4129,聯合,TWO
4130,健亞,TWO
4131,浩泰,TWO
4138,曜亞,TWO
4139,馬光-KY,TWO
4147,中裕,TWO
4153,鈺緯,TWO
4154,樂威科-KY,TWO
4157,太景*-KY,TWO
4160,訊聯基因,TWO
4161,聿新科,TWO
4162,智擎,TWO
4163,鐿鈦,TWO
4166,友霖,TWO
4167,松瑞藥,TWO
4168,醣聯,TWO
4171,瑞基,TWO
4173,久裕,TWO
4174,浩鼎,TWO
4175,杏一,TWO
4183,福永生技,TWO
4188,安克,TWO
4192,杏國,TWO
4198,欣大健康,TWO
4205,中華食,TWO
4207,環泰,TWO
4303,信立,TWO
4304,勝昱,TWO
4305,世坤,TWO
4401,東隆興,TWO
4402,郡都開發,TWO
4406,新昕纖,TWO
4413,飛寶企業,TWO
4416,三圓,TWO
4417,金洲,TWO
4419,皇家美食,TWO
4420,光明,TWO
4430,耀億,TWO
4432,銘旺實,TWO
4433,興采,TWO
4442,竣邦-KY,TWO
4502,健信,TWO
4503,金雨,TWO
4506,崇友,TWO
4510,高鋒,TWO
4513,福裕,TWO
4523,永彰,TWO
4527,方土霖,TWO
4528,江興鍛,TWO
4529,淳紳,TWO
4530,宏易,TWO
4533,協易機,TWO
4534,慶騰,TWO
4535,至興,TWO
4538,大詠城,TWO
4541,晟田,TWO
4542,科嶠,TWO
4543,萬在,TWO
4549,桓達,TWO
4550,長佳,TWO
4554,橙的,TWO
4556,旭然,TWO
4558,寶緯,TWO
4561,健椿,TWO
4563,百德,TWO
4568,科際精密,TWO
4577,達航科技,TWO
4580,捷流閥業,TWO
4584,君帆,TWO
4609,唐鋒,TWO
4702,中美實,TWO
4706,大恭,TWO
4707,磐亞,TWO
4711,永純,TWO
4714,永捷,TWO
4716,大立,TWO
4721,美琪瑪,TWO
4726,永昕,TWO
4728,雙美,TWO
4729,熒茂,TWO
4735,豪展,TWO
4741,泓瀚,TWO
4743,合一,TWO
4744,皇將,TWO
4745,合富-KY,TWO
4747,強生,TWO
4749,新應材,TWO
4754,國碳科,TWO
4760,勤凱,TWO
4767,誠泰科技,TWO
4768,晶呈科技,TWO
4772,台特化,TWO
4804,大略-KY,TWO
4806,桂田文創,TWO
4903,聯光通,TWO
4905,台聯電,TWO
4907,富宇,TWO
4908,前鼎,TWO
4909,新復興,TWO
4911,德英,TWO
4923,力士,TWO
4924,欣厚-KY,TWO
4931,新盛力,TWO
4933,友輝,TWO
4939,亞電,TWO
4945,陞達科技,TWO
4946,辣椒,TWO
4950,金耘國際,TWO
4951,精拓科,TWO
4953,緯軟,TWO
4966,譜瑞-KY,TWO
4971,IET-KY,TWO
4972,湯石照明,TWO
4973,廣穎,TWO
4974,亞泰,TWO
4979,華星光,TWO
4987,科誠,TWO
4991,環宇-KY,TWO
4995,晶達,TWO
5009,榮剛,TWO
5011,久陽,TWO
5013,強新,TWO
5014,建錩,TWO
5015,華祺,TWO
5016,松和,TWO
5201,凱衛,TWO
5202,力新,TWO
5205,中茂,TWO
5206,坤悅,TWO
5209,新鼎,TWO
5210,寶碩,TWO
5211,蒙恬,TWO
5212,凌網,TWO
5213,亞昕,TWO
5220,萬達光電,TWO
5223,安力-KY,TWO
5227,立凱-KY,TWO
5228,鈺鎧,TWO
5230,雷笛克光學,TWO
5236,凌陽創新,TWO
5245,智晶,TWO
5251,天鉞電,TWO
5263,智崴,TWO
5272,笙科,TWO
5274,信驊,TWO
5276,達輝-KY,TWO
5278,尚凡*,TWO
5287,數字,TWO
5289,宜鼎,TWO
5291,邑昇,TWO
5299,杰力,TWO
5301,寶得利,TWO
5302,太欣,TWO
5309,系統電,TWO
5310,天剛,TWO
5312,寶島科,TWO
5314,世紀*,TWO
5315,光聯,TWO
5321,美而快,TWO
5324,士開,TWO
5328,華容,TWO
5340,建榮,TWO
5344,立衛,TWO
5345,馥鴻,TWO
5347,世界,TWO
5348,正能量智能,TWO
5351,鈺創,TWO
5353,台林,TWO
5355,佳總,TWO
5356,協益,TWO
5364,力麗店,TWO
5371,中光電,TWO
5381,合正,TWO
5386,青雲,TWO
5392,能率,TWO
5398,慕康生醫,TWO
5403,中菲,TWO
5410,國眾,TWO
5425,台半,TWO
5426,振發,TWO
5432,新門,TWO
5438,東友,TWO
5439,高技,TWO
5443,均豪,TWO
5450,南良,TWO
5452,佶優,TWO
5455,昇益,TWO
5457,宣德,TWO
5460,同協,TWO
5464,霖宏,TWO
5465,富驊,TWO
5468,凱鈺,TWO
5474,聰泰,TWO
5475,德宏,TWO
5478,智冠,TWO
5481,新華,TWO
5483,中美晶,TWO
5487,通泰,TWO
5488,松普,TWO
5489,彩富,TWO
5490,同亨,TWO
5493,三聯,TWO
5498,凱崴,TWO
5508,永信建,TWO
5511,德昌,TWO
5512,力麒,TWO
5514,三豐,TWO
5516,雙喜,TWO
5520,力泰,TWO
5523,豐謙,TWO
5529,鉅陞,TWO
5530,龍巖,TWO
5536,聖暉*,TWO
5543,桓鼎-KY,TWO
5548,安倉,TWO
5601,台聯櫃,TWO
5603,陸海,TWO
5604,中連,TWO
5609,中菲行,TWO
5701,劍湖山,TWO
5703,亞都,TWO
5704,老爺知,TWO
5864,致和證,TWO
5878,台名,TWO
5902,德記,TWO
5903,全家,TWO
5904,寶雅,TWO
5905,南仁湖,TWO
6015,宏遠證,TWO
6016,康和證,TWO
6020,大展證,TWO
6021,美好證,TWO
6023,元大期,TWO
6026,福邦證,TWO
6101,寬魚國際,TWO
6103,合邦,TWO
6104,創惟,TWO
6109,亞元,TWO
6111,大宇資,TWO
6113,亞矽,TWO
6114,久威,TWO
6118,建達,TWO
6121,新普,TWO
6122,擎邦,TWO
6123,上奇,TWO
6124,業強,TWO
6125,廣運,TWO
6126,信音,TWO
6127,九豪,TWO
6129,普誠,TWO
6130,上亞科技,TWO
6134,萬旭,TWO
6138,茂達,TWO
6140,訊達,TWO
6143,振曜,TWO
6144,得利影,TWO
6146,耕興,TWO
6147,頎邦,TWO
6148,驊宏資,TWO
6150,撼訊,TWO
6151,晉倫,TWO
6154,順發,TWO
6156,松上,TWO
6158,禾昌,TWO
6160,欣技,TWO
6161,捷波,TWO
6163,華電網,TWO
6167,久正,TWO
6169,昱泉,TWO
6170,統振,TWO
6171,大城地產,TWO
6173,信昌電,TWO
6174,安碁,TWO
6175,立敦,TWO
6179,亞通,TWO
6180,橘子,TWO
6182,合晶,TWO
6185,幃翔,TWO
6186,新潤,TWO
6187,萬潤,TWO
6188,廣明,TWO
6190,萬泰科,TWO
6194,育富,TWO
6195,詩肯,TWO
6198,瑞築,TWO
6199,天品,TWO
6203,海韻電,TWO
6204,艾華,TWO
6207,雷科,TWO
6208,日揚,TWO
6210,慶生,TWO
6212,理銘,TWO
6217,中探針,TWO
6218,豪勉,TWO
6219,富旺,TWO
6220,岳豐,TWO
6221,晉泰,TWO
6222,立軒,TWO
6223,旺矽,TWO
6227,茂綸,TWO
6228,全譜,TWO
6229,研通,TWO
6231,系微,TWO
6233,旺玖,TWO
6234,高僑,TWO
6236,中湛,TWO
6237,驊訊,TWO
6240,松崗,TWO
6241,易通展,TWO
6242,立康,TWO
6244,茂迪,TWO
6245,立端,TWO
6246,臺龍,TWO
6248,沛波,TWO
6259,百徽,TWO
6261,久元,TWO
6263,普萊德,TWO
6264,富裔,TWO
6265,方土昶,TWO
6266,泰詠,TWO
6270,倍微,TWO
6274,台燿,TWO
6275,元山,TWO
6276,安鈦克,TWO
6279,胡連,TWO
6284,佳邦,TWO
6290,良維,TWO
6291,沛亨,TWO
6292,迅德,TWO
6294,智基,TWO
6411,晶焱,TWO
6417,韋僑,TWO
6418,詠昇,TWO
6419,京晨科,TWO
6425,易發,TWO
6432,今展科,TWO
6435,大中,TWO
6441,廣錠,TWO
6461,益得,TWO
6462,神盾,TWO
6465,威潤,TWO
6469,大樹,TWO
6470,宇智,TWO
6482,弘煜科,TWO
6485,點序,TWO
6486,互動,TWO
6488,環球晶,TWO
6492,生華科,TWO
6494,九齊,TWO
6496,科懋,TWO
6498,久禾光,TWO
6499,益安,TWO
6506,雙邦,TWO
6508,惠光,TWO
6509,聚和,TWO
6510,精測,TWO
6512,啟發電,TWO
6516,勤崴國際,TWO
6517,保勝光學,TWO
6523,達爾膚,TWO
6527,明達醫,TWO
6530,創威,TWO
6532,瑞耘,TWO
6535,順藥,TWO
6538,倉和,TWO
6542,隆中,TWO
6546,正基,TWO
6547,高端疫苗,TWO
6548,長科*,TWO
6556,勝品,TWO
6560,欣普羅,TWO
6561,是方,TWO
6568,宏觀,TWO
6569,醫揚,TWO
6570,維田,TWO
6574,霈方,TWO
6576,逸達,TWO
6577,勁豐,TWO
6578,達邦蛋白,TWO
6584,南俊國際,TWO
6588,東典光電,TWO
6590,普鴻,TWO
6593,台灣銘板,TWO
6596,寬宏藝術,TWO
6597,立誠,TWO
6603,富強鑫,TWO
6609,瀧澤科,TWO
6612,奈米醫材,TWO
6613,朋億*,TWO
6615,慧智,TWO
6616,特昇-KY,TWO
6617,共信-KY,TWO
6624,萬年清,TWO
6629,泰金-KY,TWO
6637,醫影,TWO
6640,均華,TWO
6642,富致,TWO
6643,M31,TWO
6649,台生材,TWO
6651,全宇昕,TWO
6654,天正國際,TWO
6661,威健生技,TWO
6662,樂斯科,TWO
6664,群翊,TWO
6667,信紘科,TWO
6679,鈺太,TWO
6680,鑫創電子,TWO
6683,雍智科技,TWO
6684,安格,TWO
6690,安碁資訊,TWO
6692,進能服,TWO
6693,廣閎科,TWO
6697,東捷資訊,TWO
6703,軒郁,TWO
6708,天擎,TWO
6712,長聖,TWO
6716,應廣,TWO
6720,久昌,TWO
6721,信實,TWO
6727,亞泰金屬,TWO
6728,上洋,TWO
6732,昇佳電子,TWO
6733,博晟生醫,TWO
6735,美達科技,TWO
6739,竹陞科技,TWO
6741,91APP*-KY,TWO
6747,亨泰光,TWO
6751,智聯服務,TWO
6752,叡揚,TWO
6761,穩得,TWO
6762,達亞,TWO
6763,綠界科技*,TWO
6767,台微醫,TWO
6785,昱展新藥,TWO
6788,華景電,TWO
6791,虎門科技,TWO
6803,崑鼎,TWO
6804,明係,TWO
6811,宏碁資訊,TWO
6821,聯寶,TWO
6823,濾能,TWO
6829,千附精密,TWO
6840,東研信超,TWO
6841,長佳智能,TWO
6843,進典,TWO
6844,諾貝兒,TWO
6846,綠茵,TWO
6855,數泓科,TWO
6856,鑫傳,TWO
6859,伯特光,TWO
6865,偉康科技,TWO
6870,騰雲,TWO
6872,浩宇生醫,TWO
6874,倍力,TWO
6875,國邑*,TWO
6877,鏵友益,TWO
6881,潤德,TWO
6894,衛司特,TWO
6895,宏碩系統,TWO
6899,創為精密,TWO
6903,巨漢,TWO
6904,伯鑫,TWO
6913,鴻呈,TWO
6922,宸曜,TWO
6925,意藍,TWO
6929,佑全,TWO
6953,家碩,TWO
6967,汎瑋材料,TWO
6968,萬達寵物,TWO
6982,大井泵浦,TWO
6996,力領科技,TWO
6997,博弘,TWO
7402,邑錡,TWO
7547,碩網,TWO
7556,意德士,TWO
7584,樂意,TWO
7642,昶瑞機電,TWO
7703,銳澤,TWO
7704,明遠精密,TWO
7708,全家餐飲,TWO
7709,榮田,TWO
7712,博盛半導體,TWO
7713,威力德生醫,TWO
7714,創泓科技,TWO
7715,裕山,TWO
7718,友鋮,TWO
7723,築間,TWO
7728,光焱科技,TWO
7734,印能科技,TWO
7743,金利食安,TWO
7747,昕奇雲端,TWO
7751,竑騰,TWO
7753,星亞,TWO
8024,佑華,TWO
8027,鈦昇,TWO
8032,光菱,TWO
8034,榮群,TWO
8038,長園科,TWO
8040,九暘,TWO
8042,金山電,TWO
8043,蜜望實,TWO
8044,網家,TWO
8047,星雲,TWO
8048,德勝,TWO
8049,晶采,TWO
8050,廣積,TWO
8054,安國,TWO
8059,凱碩,TWO
8064,東捷,TWO
8066,來思達,TWO
8067,志旭,TWO
8068,全達,TWO
8069,元太,TWO
8071,能率網通,TWO
8074,鉅橡,TWO
8076,伍豐,TWO
8077,洛碁,TWO
8080,泰霖,TWO
8083,瑞穎,TWO
8084,巨虹,TWO
8085,福華,TWO
8086,宏捷科,TWO
8087,麗升能源,TWO
8088,品安,TWO
8089,康全電訊,TWO
8091,翔名,TWO
8092,建暐,TWO
8093,保銳,TWO
8096,擎亞,TWO
8097,常珵,TWO
8099,大世科,TWO
8107,大億金茂,TWO
8109,博大,TWO
8111,立碁,TWO
8121,越峰,TWO
8147,正淩,TWO
8155,博智,TWO
8171,天宇,TWO
8176,智捷,TWO
8182,加高,TWO
8183,精星,TWO
8227,巨有科技,TWO
8234,新漢,TWO
8240,華宏,TWO
8255,朋程,TWO
8272,全景軟體,TWO
8277,商丞,TWO
8279,生展,TWO
8284,三竹,TWO
8289,泰藝,TWO
8291,尚茂,TWO
8299,群聯,TWO
8342,益張,TWO
8349,恒耀,TWO
8354,冠好,TWO
8358,金居,TWO
8383,千附,TWO
8390,金益鼎,TWO
8401,白紗科,TWO
8403,盛弘,TWO
8409,商之器,TWO
8410,森田,TWO
8415,大國鋼,TWO
8416,實威,TWO
8421,旭源,TWO
8423,保綠-KY,TWO
8424,惠普,TWO
8426,紅木-KY,TWO
8431,匯鑽科,TWO
8432,東生華,TWO
8433,弘帆,TWO
8435,鉅邁,TWO
8436,大江,TWO
8437,大地-KY,TWO
8440,綠電,TWO
8444,綠河-KY,TWO
8446,華研,TWO
8450,霹靂,TWO
8455,大拓-KY,TWO
8472,夠麻吉,TWO
8477,創業家,TWO
8489,三貝德,TWO
8905,裕國,TWO
8906,花王,TWO
8908,欣雄,TWO
8916,光隆,TWO
8917,欣泰,TWO
8921,沈氏,TWO
8923,時報,TWO
8924,大田,TWO
8927,北基,TWO
8928,鉅明,TWO
8929,富堡,TWO
8930,青鋼,TWO
8931,大汽電,TWO
8932,智通*,TWO
8933,愛地雅,TWO
8935,邦泰,TWO
8936,國統,TWO
8937,合騏,TWO
8938,明安,TWO
8941,關中,TWO
8942,森鉅,TWO
9949,琉園,TWO
9950,萬國通,TWO
9951,皇田,TWO
9960,邁達康,TWO
9962,有益,TWO

